/*==================================================================================================*\
	Script created by Lynn Heeley 4 August 2009 to update the statuses in the report wizard
 \*================================================================================================*/


--deletes report status attributes: BOCC Amber, BOCC Red, IUCN (1994) - EW, IUCN (1994) - LR (nt),IUCN (1994) - LR (lc),IUCN (1994) - LR (ns), all "RDB - " except birds and internatiaonlly important, Cons Reg x3.
--inserts Lynn Heeley into Name and Individual tables
--inserts report status attributes: Bird:Amber, Bird:Red, Protection of Badgers, FEPx3, all new RedList_GB and Global - pre94 post94 post2003 and post2001, Cons Regs x3 (new keys), 2xW&CA, 3xCountry biodiversity lists, Status:NR.


DELETE FROM Report_field WHERE REPORT_FIELD_KEY = 'NBNSYS00000000BZ' AND REPORT_ATTRIBUTE_KEY = 'NBNSYS00000000B1';
DELETE FROM Report_field WHERE REPORT_FIELD_KEY = 'NBNSYS00000000C0' AND REPORT_ATTRIBUTE_KEY = 'NBNSYS00000000B2';
DELETE FROM Report_field WHERE REPORT_FIELD_KEY = 'NBNSYS000000009R' AND REPORT_ATTRIBUTE_KEY = 'NBNSYS000000008T';
DELETE FROM Report_field WHERE REPORT_FIELD_KEY = 'NBNSYS000000009S' AND REPORT_ATTRIBUTE_KEY = 'NBNSYS000000008U';
DELETE FROM Report_field WHERE REPORT_FIELD_KEY = 'NBNSYS000000009T' AND REPORT_ATTRIBUTE_KEY = 'NBNSYS000000008V';
DELETE FROM Report_field WHERE REPORT_FIELD_KEY = 'NBNSYS00000000BY' AND REPORT_ATTRIBUTE_KEY = 'NBNSYS00000000B0';
DELETE FROM Report_field WHERE REPORT_FIELD_KEY = 'NBNSYS00000000A2' AND REPORT_ATTRIBUTE_KEY = 'NBNSYS0000000094';
DELETE FROM Report_field WHERE REPORT_FIELD_KEY = 'NBNSYS00000000A3' AND REPORT_ATTRIBUTE_KEY = 'NBNSYS0000000095';
DELETE FROM Report_field WHERE REPORT_FIELD_KEY = 'NBNSYS00000000A4' AND REPORT_ATTRIBUTE_KEY = 'NBNSYS0000000096';
DELETE FROM Report_field WHERE REPORT_FIELD_KEY = 'NBNSYS00000000A5' AND REPORT_ATTRIBUTE_KEY = 'NBNSYS0000000097';
DELETE FROM Report_field WHERE REPORT_FIELD_KEY = 'NBNSYS00000000A6' AND REPORT_ATTRIBUTE_KEY = 'NBNSYS0000000098';
DELETE FROM Report_field WHERE REPORT_FIELD_KEY = 'NBNSYS00000000A7' AND REPORT_ATTRIBUTE_KEY = 'NBNSYS0000000099';
DELETE FROM Report_field WHERE REPORT_FIELD_KEY = 'NBNSYS00000000A8' AND REPORT_ATTRIBUTE_KEY = 'NBNSYS000000009A';
DELETE FROM Report_field WHERE REPORT_FIELD_KEY = 'NBNSYS00000000A9' AND REPORT_ATTRIBUTE_KEY = 'NBNSYS000000009B';
DELETE FROM Report_field WHERE REPORT_FIELD_KEY = 'NBNSYS00000000BA' AND REPORT_ATTRIBUTE_KEY = 'NBNSYS00000000AC';
DELETE FROM Report_field WHERE REPORT_FIELD_KEY = 'NBNSYS00000000BB' AND REPORT_ATTRIBUTE_KEY = 'NBNSYS00000000AD';
DELETE FROM Report_field WHERE REPORT_FIELD_KEY = 'NBNSYS00000000BC' AND REPORT_ATTRIBUTE_KEY = 'NBNSYS00000000AE';
	
DELETE FROM Report_attribute WHERE REPORT_ATTRIBUTE_KEY = 'NBNSYS00000000B1'AND REPORT_WHERE_KEY = 'NBNSYS000000002U';
DELETE FROM Report_attribute WHERE REPORT_ATTRIBUTE_KEY = 'NBNSYS00000000B2' AND REPORT_WHERE_KEY = 'NBNSYS000000002V';
DELETE FROM Report_attribute WHERE REPORT_ATTRIBUTE_KEY = 'NBNSYS000000008T' AND REPORT_WHERE_KEY = 'NBNSYS000000000M';
DELETE FROM Report_attribute WHERE REPORT_ATTRIBUTE_KEY = 'NBNSYS000000008U' AND REPORT_WHERE_KEY = 'NBNSYS000000000N';
DELETE FROM Report_attribute WHERE REPORT_ATTRIBUTE_KEY = 'NBNSYS000000008V' AND REPORT_WHERE_KEY = 'NBNSYS000000000O';
DELETE FROM Report_attribute WHERE REPORT_ATTRIBUTE_KEY = 'NBNSYS00000000B0' AND REPORT_WHERE_KEY = 'NBNSYS000000002T';
DELETE FROM Report_attribute WHERE REPORT_ATTRIBUTE_KEY = 'NBNSYS0000000094' AND REPORT_WHERE_KEY = 'NBNSYS000000000X';
DELETE FROM Report_attribute WHERE REPORT_ATTRIBUTE_KEY = 'NBNSYS0000000095' AND REPORT_WHERE_KEY = 'NBNSYS000000000Y';
DELETE FROM Report_attribute WHERE REPORT_ATTRIBUTE_KEY = 'NBNSYS0000000096' AND REPORT_WHERE_KEY = 'NBNSYS000000000Z';
DELETE FROM Report_attribute WHERE REPORT_ATTRIBUTE_KEY = 'NBNSYS0000000097' AND REPORT_WHERE_KEY = 'NBNSYS0000000010';
DELETE FROM Report_attribute WHERE REPORT_ATTRIBUTE_KEY = 'NBNSYS0000000098' AND REPORT_WHERE_KEY = 'NBNSYS0000000011';
DELETE FROM Report_attribute WHERE REPORT_ATTRIBUTE_KEY = 'NBNSYS0000000099' AND REPORT_WHERE_KEY = 'NBNSYS0000000012';
DELETE FROM Report_attribute WHERE REPORT_ATTRIBUTE_KEY = 'NBNSYS000000009A' AND REPORT_WHERE_KEY = 'NBNSYS0000000013';
DELETE FROM Report_attribute WHERE REPORT_ATTRIBUTE_KEY = 'NBNSYS000000009B' AND REPORT_WHERE_KEY = 'NBNSYS0000000014';
DELETE FROM Report_attribute WHERE REPORT_ATTRIBUTE_KEY = 'NBNSYS00000000AC' AND REPORT_WHERE_KEY = 'NBNSYS0000000025';
DELETE FROM Report_attribute WHERE REPORT_ATTRIBUTE_KEY = 'NBNSYS00000000AD' AND REPORT_WHERE_KEY = 'NBNSYS0000000026';
DELETE FROM Report_attribute WHERE REPORT_ATTRIBUTE_KEY = 'NBNSYS00000000AE' AND REPORT_WHERE_KEY = 'NBNSYS0000000027';

DELETE FROM Report_where WHERE REPORT_WHERE_KEY = 'NBNSYS000000002U'; 
DELETE FROM Report_where WHERE REPORT_WHERE_KEY = 'NBNSYS000000002V';
DELETE FROM Report_where WHERE REPORT_WHERE_KEY = 'NBNSYS000000000M';
DELETE FROM Report_where WHERE REPORT_WHERE_KEY = 'NBNSYS000000000N';
DELETE FROM Report_where WHERE REPORT_WHERE_KEY = 'NBNSYS000000000O';
DELETE FROM Report_where WHERE REPORT_WHERE_KEY = 'NBNSYS000000002T';
DELETE FROM Report_where WHERE REPORT_WHERE_KEY = 'NBNSYS000000000X';
DELETE FROM Report_where WHERE REPORT_WHERE_KEY = 'NBNSYS000000000Y';
DELETE FROM Report_where WHERE REPORT_WHERE_KEY = 'NBNSYS000000000Z';
DELETE FROM Report_where WHERE REPORT_WHERE_KEY = 'NBNSYS0000000010';
DELETE FROM Report_where WHERE REPORT_WHERE_KEY = 'NBNSYS0000000011';
DELETE FROM Report_where WHERE REPORT_WHERE_KEY = 'NBNSYS0000000012';
DELETE FROM Report_where WHERE REPORT_WHERE_KEY = 'NBNSYS0000000013';
DELETE FROM Report_where WHERE REPORT_WHERE_KEY = 'NBNSYS0000000014';
DELETE FROM Report_where WHERE REPORT_WHERE_KEY = 'NBNSYS0000000025';
DELETE FROM Report_where WHERE REPORT_WHERE_KEY = 'NBNSYS0000000026';
DELETE FROM Report_where WHERE REPORT_WHERE_KEY = 'NBNSYS0000000027';

INSERT INTO dbo.NAME (NAME_KEY, ORGANISATION, COMMENT, ENTERED_BY, ENTRY_DATE, CHANGED_BY, CHANGED_DATE, SYSTEM_SUPPLIED_DATA, CUSTODIAN)
VALUES ('NBNSYS0000000011',0,NULL,'NBNSYS0000000011',GetDate(),NULL,NULL,-1,'NBNSYS00')
INSERT INTO dbo.INDIVIDUAL (NAME_KEY, TITLE, FORENAME, INITIALS, HONORIFICS, SURNAME, COMMENT, BORN_VAGUE_DATE_START, BORN_VAGUE_DATE_END, BORN_VAGUE_DATE_TYPE, DIED_VAGUE_DATE_START, DIED_VAGUE_DATE_END, DIED_VAGUE_DATE_TYPE, PERSON_FLOREAT, ENTERED_BY, ENTRY_DATE, CHANGED_BY, CHANGED_DATE, SYSTEM_SUPPLIED_DATA, ORGANISATION_DEPARTMENT_KEY)	
VALUES ('NBNSYS0000000011',NULL,'Lynn',NULL,NULL,'Heeley',NULL,NULL,NULL,NULL,NULL,NULL,NULL,NULL,'NBNSYS0000000011',GetDate(),NULL,NULL,-1,NULL)


--Report_where table field names:REPORT_WHERE_KEY,WHERE_SQL,ENTERED_BY,ENTRY_DATE,CHANGED_BY,CHANGED_DATE,SYSTEM_SUPPLIED_DATA
INSERT INTO dbo.REPORT_WHERE (REPORT_WHERE_KEY, WHERE_SQL, ENTERED_BY, ENTRY_DATE,CHANGED_BY,CHANGED_DATE,SYSTEM_SUPPLIED_DATA) VALUES ('NBNSYS0000000033','TD.Taxon_Designation_Type_Key=''NBNSYS0100000016'' AND TD.source_key=''JNCCDEV600000001''','NBNSYS0000000011',GetDate(),NULL,NULL,-1)
INSERT INTO dbo.REPORT_WHERE (REPORT_WHERE_KEY, WHERE_SQL, ENTERED_BY, ENTRY_DATE,CHANGED_BY,CHANGED_DATE,SYSTEM_SUPPLIED_DATA) VALUES ('NBNSYS0000000034','TD.Taxon_Designation_Type_Key=''NBNSYS0001910129''','NBNSYS0000000011',GetDate(),NULL,NULL,-1)
INSERT INTO dbo.REPORT_WHERE (REPORT_WHERE_KEY, WHERE_SQL, ENTERED_BY, ENTRY_DATE,CHANGED_BY,CHANGED_DATE,SYSTEM_SUPPLIED_DATA) VALUES ('NBNSYS0000000035','TD.Taxon_Designation_Type_Key=''NBNSYS0001910130''','NBNSYS0000000011',GetDate(),NULL,NULL,-1)
INSERT INTO dbo.REPORT_WHERE (REPORT_WHERE_KEY, WHERE_SQL, ENTERED_BY, ENTRY_DATE,CHANGED_BY,CHANGED_DATE,SYSTEM_SUPPLIED_DATA) VALUES ('NBNSYS0000000036','TD.Taxon_Designation_Type_Key=''NBNSYS0001910131''','NBNSYS0000000011',GetDate(),NULL,NULL,-1)
INSERT INTO dbo.REPORT_WHERE (REPORT_WHERE_KEY, WHERE_SQL, ENTERED_BY, ENTRY_DATE,CHANGED_BY,CHANGED_DATE,SYSTEM_SUPPLIED_DATA) VALUES ('NBNSYS0000000037','TD.Taxon_Designation_Type_Key=''NHMSYS0020443052'' AND TD.source_key=''JNCCDEV600000001''','NBNSYS0000000011',GetDate(),NULL,NULL,-1)
INSERT INTO dbo.REPORT_WHERE (REPORT_WHERE_KEY, WHERE_SQL, ENTERED_BY, ENTRY_DATE,CHANGED_BY,CHANGED_DATE,SYSTEM_SUPPLIED_DATA) VALUES ('NBNSYS0000000038','TD.Taxon_Designation_Type_Key=''NHMSYS0020443051'' AND TD.source_key=''JNCCDEV600000001''','NBNSYS0000000011',GetDate(),NULL,NULL,-1)
INSERT INTO dbo.REPORT_WHERE (REPORT_WHERE_KEY, WHERE_SQL, ENTERED_BY, ENTRY_DATE,CHANGED_BY,CHANGED_DATE,SYSTEM_SUPPLIED_DATA) VALUES ('NBNSYS0000000025','TD.Taxon_Designation_Type_Key=''NBNSYS0100000019'' AND TD.source_key=''JNCCDEV600000001''','NBNSYS0000000011',GetDate(),NULL,NULL,-1)
INSERT INTO dbo.REPORT_WHERE (REPORT_WHERE_KEY, WHERE_SQL, ENTERED_BY, ENTRY_DATE,CHANGED_BY,CHANGED_DATE,SYSTEM_SUPPLIED_DATA) VALUES ('NBNSYS0000000026','TD.Taxon_Designation_Type_Key=''NBNSYS0100000020'' AND TD.source_key=''JNCCDEV600000001''','NBNSYS0000000011',GetDate(),NULL,NULL,-1)
INSERT INTO dbo.REPORT_WHERE (REPORT_WHERE_KEY, WHERE_SQL, ENTERED_BY, ENTRY_DATE,CHANGED_BY,CHANGED_DATE,SYSTEM_SUPPLIED_DATA) VALUES ('NBNSYS0000000027','TD.Taxon_Designation_Type_Key=''NBNSYS0100000021'' AND TD.source_key=''JNCCDEV600000001''','NBNSYS0000000011',GetDate(),NULL,NULL,-1)

--redlist
INSERT INTO dbo.REPORT_WHERE (REPORT_WHERE_KEY, WHERE_SQL, ENTERED_BY, ENTRY_DATE,CHANGED_BY,CHANGED_DATE,SYSTEM_SUPPLIED_DATA) VALUES ('NBNSYS0000000039','TD.Taxon_Designation_Type_Key=''NHMSYS0020443062'' AND TD.source_key=''JNCCDEV600000001''','NBNSYS0000000011',GetDate(),NULL,NULL,-1)
INSERT INTO dbo.REPORT_WHERE (REPORT_WHERE_KEY, WHERE_SQL, ENTERED_BY, ENTRY_DATE,CHANGED_BY,CHANGED_DATE,SYSTEM_SUPPLIED_DATA) VALUES ('NBNSYS0000000040','TD.Taxon_Designation_Type_Key=''NHMSYS0020443057'' AND TD.source_key=''JNCCDEV600000001''','NBNSYS0000000011',GetDate(),NULL,NULL,-1)
INSERT INTO dbo.REPORT_WHERE (REPORT_WHERE_KEY, WHERE_SQL, ENTERED_BY, ENTRY_DATE,CHANGED_BY,CHANGED_DATE,SYSTEM_SUPPLIED_DATA) VALUES ('NBNSYS0000000041','TD.Taxon_Designation_Type_Key=''NHMSYS0020443056'' AND TD.source_key=''JNCCDEV600000001''','NBNSYS0000000011',GetDate(),NULL,NULL,-1)
INSERT INTO dbo.REPORT_WHERE (REPORT_WHERE_KEY, WHERE_SQL, ENTERED_BY, ENTRY_DATE,CHANGED_BY,CHANGED_DATE,SYSTEM_SUPPLIED_DATA) VALUES ('NBNSYS0000000042','TD.Taxon_Designation_Type_Key=''NHMSYS0020443053'' AND TD.source_key=''JNCCDEV600000001''','NBNSYS0000000011',GetDate(),NULL,NULL,-1)
INSERT INTO dbo.REPORT_WHERE (REPORT_WHERE_KEY, WHERE_SQL, ENTERED_BY, ENTRY_DATE,CHANGED_BY,CHANGED_DATE,SYSTEM_SUPPLIED_DATA) VALUES ('NBNSYS0000000043','TD.Taxon_Designation_Type_Key=''NHMSYS0020443055'' AND TD.source_key=''JNCCDEV600000001''','NBNSYS0000000011',GetDate(),NULL,NULL,-1)
INSERT INTO dbo.REPORT_WHERE (REPORT_WHERE_KEY, WHERE_SQL, ENTERED_BY, ENTRY_DATE,CHANGED_BY,CHANGED_DATE,SYSTEM_SUPPLIED_DATA) VALUES ('NBNSYS0000000044','TD.Taxon_Designation_Type_Key=''NHMSYS0020443061'' AND TD.source_key=''JNCCDEV600000001''','NBNSYS0000000011',GetDate(),NULL,NULL,-1)
INSERT INTO dbo.REPORT_WHERE (REPORT_WHERE_KEY, WHERE_SQL, ENTERED_BY, ENTRY_DATE,CHANGED_BY,CHANGED_DATE,SYSTEM_SUPPLIED_DATA) VALUES ('NBNSYS0000000045','TD.Taxon_Designation_Type_Key=''NHMSYS0020443060'' AND TD.source_key=''JNCCDEV600000001''','NBNSYS0000000011',GetDate(),NULL,NULL,-1)
INSERT INTO dbo.REPORT_WHERE (REPORT_WHERE_KEY, WHERE_SQL, ENTERED_BY, ENTRY_DATE,CHANGED_BY,CHANGED_DATE,SYSTEM_SUPPLIED_DATA) VALUES ('NBNSYS0000000046','TD.Taxon_Designation_Type_Key=''NHMSYS0020443054'' AND TD.source_key=''JNCCDEV600000001''','NBNSYS0000000011',GetDate(),NULL,NULL,-1)
INSERT INTO dbo.REPORT_WHERE (REPORT_WHERE_KEY, WHERE_SQL, ENTERED_BY, ENTRY_DATE,CHANGED_BY,CHANGED_DATE,SYSTEM_SUPPLIED_DATA) VALUES ('NBNSYS0000000047','TD.Taxon_Designation_Type_Key=''NHMSYS0020443077'' AND TD.source_key=''JNCCDEV600000001''','NBNSYS0000000011',GetDate(),NULL,NULL,-1)
INSERT INTO dbo.REPORT_WHERE (REPORT_WHERE_KEY, WHERE_SQL, ENTERED_BY, ENTRY_DATE,CHANGED_BY,CHANGED_DATE,SYSTEM_SUPPLIED_DATA) VALUES ('NBNSYS0000000048','TD.Taxon_Designation_Type_Key=''NHMSYS0020443075'' AND TD.source_key=''JNCCDEV600000001''','NBNSYS0000000011',GetDate(),NULL,NULL,-1)
INSERT INTO dbo.REPORT_WHERE (REPORT_WHERE_KEY, WHERE_SQL, ENTERED_BY, ENTRY_DATE,CHANGED_BY,CHANGED_DATE,SYSTEM_SUPPLIED_DATA) VALUES ('NBNSYS0000000049','TD.Taxon_Designation_Type_Key=''NHMSYS0020443086'' AND TD.source_key=''JNCCDEV600000001''','NBNSYS0000000011',GetDate(),NULL,NULL,-1)
INSERT INTO dbo.REPORT_WHERE (REPORT_WHERE_KEY, WHERE_SQL, ENTERED_BY, ENTRY_DATE,CHANGED_BY,CHANGED_DATE,SYSTEM_SUPPLIED_DATA) VALUES ('NBNSYS0000000050','TD.Taxon_Designation_Type_Key=''NHMSYS0020443090'' AND TD.source_key=''JNCCDEV600000001''','NBNSYS0000000011',GetDate(),NULL,NULL,-1)
INSERT INTO dbo.REPORT_WHERE (REPORT_WHERE_KEY, WHERE_SQL, ENTERED_BY, ENTRY_DATE,CHANGED_BY,CHANGED_DATE,SYSTEM_SUPPLIED_DATA) VALUES ('NBNSYS0000000051','TD.Taxon_Designation_Type_Key=''NHMSYS0020443095'' AND TD.source_key=''JNCCDEV600000001''','NBNSYS0000000011',GetDate(),NULL,NULL,-1)
INSERT INTO dbo.REPORT_WHERE (REPORT_WHERE_KEY, WHERE_SQL, ENTERED_BY, ENTRY_DATE,CHANGED_BY,CHANGED_DATE,SYSTEM_SUPPLIED_DATA) VALUES ('NBNSYS0000000052','TD.Taxon_Designation_Type_Key=''NHMSYS0020443077'' AND TD.source_key=''JNCCDEV600000001''','NBNSYS0000000011',GetDate(),NULL,NULL,-1)
INSERT INTO dbo.REPORT_WHERE (REPORT_WHERE_KEY, WHERE_SQL, ENTERED_BY, ENTRY_DATE,CHANGED_BY,CHANGED_DATE,SYSTEM_SUPPLIED_DATA) VALUES ('NBNSYS0000000053','TD.Taxon_Designation_Type_Key=''NBNSYS0000000028'' AND TD.source_key=''JNCCDEV600000001''','NBNSYS0000000011',GetDate(),NULL,NULL,-1)
INSERT INTO dbo.REPORT_WHERE (REPORT_WHERE_KEY, WHERE_SQL, ENTERED_BY, ENTRY_DATE,CHANGED_BY,CHANGED_DATE,SYSTEM_SUPPLIED_DATA) VALUES ('NBNSYS0000000054','TD.Taxon_Designation_Type_Key=''NBNSYS0100000001'' AND TD.source_key=''JNCCDEV600000001''','NBNSYS0000000011',GetDate(),NULL,NULL,-1)
INSERT INTO dbo.REPORT_WHERE (REPORT_WHERE_KEY, WHERE_SQL, ENTERED_BY, ENTRY_DATE,CHANGED_BY,CHANGED_DATE,SYSTEM_SUPPLIED_DATA) VALUES ('NBNSYS0000000055','TD.Taxon_Designation_Type_Key=''NHMSYS0020443089'' AND TD.source_key=''JNCCDEV600000001''','NBNSYS0000000011',GetDate(),NULL,NULL,-1)
INSERT INTO dbo.REPORT_WHERE (REPORT_WHERE_KEY, WHERE_SQL, ENTERED_BY, ENTRY_DATE,CHANGED_BY,CHANGED_DATE,SYSTEM_SUPPLIED_DATA) VALUES ('NBNSYS0000000056','TD.Taxon_Designation_Type_Key=''NHMSYS0020443078'' AND TD.source_key=''JNCCDEV600000001''','NBNSYS0000000011',GetDate(),NULL,NULL,-1)
INSERT INTO dbo.REPORT_WHERE (REPORT_WHERE_KEY, WHERE_SQL, ENTERED_BY, ENTRY_DATE,CHANGED_BY,CHANGED_DATE,SYSTEM_SUPPLIED_DATA) VALUES ('NBNSYS0000000057','TD.Taxon_Designation_Type_Key=''NHMSYS0020443081'' AND TD.source_key=''JNCCDEV600000001''','NBNSYS0000000011',GetDate(),NULL,NULL,-1)
INSERT INTO dbo.REPORT_WHERE (REPORT_WHERE_KEY, WHERE_SQL, ENTERED_BY, ENTRY_DATE,CHANGED_BY,CHANGED_DATE,SYSTEM_SUPPLIED_DATA) VALUES ('NBNSYS0000000058','TD.Taxon_Designation_Type_Key=''NHMSYS0020443083'' AND TD.source_key=''JNCCDEV600000001''','NBNSYS0000000011',GetDate(),NULL,NULL,-1)
INSERT INTO dbo.REPORT_WHERE (REPORT_WHERE_KEY, WHERE_SQL, ENTERED_BY, ENTRY_DATE,CHANGED_BY,CHANGED_DATE,SYSTEM_SUPPLIED_DATA) VALUES ('NBNSYS0000000059','TD.Taxon_Designation_Type_Key=''NHMSYS0020443085'' AND TD.source_key=''JNCCDEV600000001''','NBNSYS0000000011',GetDate(),NULL,NULL,-1)
INSERT INTO dbo.REPORT_WHERE (REPORT_WHERE_KEY, WHERE_SQL, ENTERED_BY, ENTRY_DATE,CHANGED_BY,CHANGED_DATE,SYSTEM_SUPPLIED_DATA) VALUES ('NBNSYS0000000060','TD.Taxon_Designation_Type_Key=''NHMSYS0020443069'' AND TD.source_key=''JNCCDEV600000001''','NBNSYS0000000011',GetDate(),NULL,NULL,-1)
INSERT INTO dbo.REPORT_WHERE (REPORT_WHERE_KEY, WHERE_SQL, ENTERED_BY, ENTRY_DATE,CHANGED_BY,CHANGED_DATE,SYSTEM_SUPPLIED_DATA) VALUES ('NBNSYS0000000061','TD.Taxon_Designation_Type_Key=''NHMSYS0020443065'' AND TD.source_key=''JNCCDEV600000001''','NBNSYS0000000011',GetDate(),NULL,NULL,-1)
INSERT INTO dbo.REPORT_WHERE (REPORT_WHERE_KEY, WHERE_SQL, ENTERED_BY, ENTRY_DATE,CHANGED_BY,CHANGED_DATE,SYSTEM_SUPPLIED_DATA) VALUES ('NBNSYS0000000062','TD.Taxon_Designation_Type_Key=''NHMSYS0020443066'' AND TD.source_key=''JNCCDEV600000001''','NBNSYS0000000011',GetDate(),NULL,NULL,-1)
INSERT INTO dbo.REPORT_WHERE (REPORT_WHERE_KEY, WHERE_SQL, ENTERED_BY, ENTRY_DATE,CHANGED_BY,CHANGED_DATE,SYSTEM_SUPPLIED_DATA) VALUES ('NBNSYS0000000063','TD.Taxon_Designation_Type_Key=''NBNSYS0100000024'' AND TD.source_key=''JNCCDEV600000001''','NBNSYS0000000011',GetDate(),NULL,NULL,-1)
INSERT INTO dbo.REPORT_WHERE (REPORT_WHERE_KEY, WHERE_SQL, ENTERED_BY, ENTRY_DATE,CHANGED_BY,CHANGED_DATE,SYSTEM_SUPPLIED_DATA) VALUES ('NBNSYS0000000064','TD.Taxon_Designation_Type_Key=''NBNSYS0100000022'' AND TD.source_key=''JNCCDEV600000001''','NBNSYS0000000011',GetDate(),NULL,NULL,-1)
INSERT INTO dbo.REPORT_WHERE (REPORT_WHERE_KEY, WHERE_SQL, ENTERED_BY, ENTRY_DATE,CHANGED_BY,CHANGED_DATE,SYSTEM_SUPPLIED_DATA) VALUES ('NBNSYS0000000065','TD.Taxon_Designation_Type_Key=''NBNSYS0100000023'' AND TD.source_key=''JNCCDEV600000001''','NBNSYS0000000011',GetDate(),NULL,NULL,-1)
INSERT INTO dbo.REPORT_WHERE (REPORT_WHERE_KEY, WHERE_SQL, ENTERED_BY, ENTRY_DATE,CHANGED_BY,CHANGED_DATE,SYSTEM_SUPPLIED_DATA) VALUES ('NBNSYS0000000066','TD.Taxon_Designation_Type_Key=''NHMSYS0020443087'' AND TD.source_key=''JNCCDEV600000001''','NBNSYS0000000011',GetDate(),NULL,NULL,-1)
INSERT INTO dbo.REPORT_WHERE (REPORT_WHERE_KEY, WHERE_SQL, ENTERED_BY, ENTRY_DATE,CHANGED_BY,CHANGED_DATE,SYSTEM_SUPPLIED_DATA) VALUES ('NBNSYS0000000067','TD.Taxon_Designation_Type_Key=''NHMSYS0020443091'' AND TD.source_key=''JNCCDEV600000001''','NBNSYS0000000011',GetDate(),NULL,NULL,-1)
INSERT INTO dbo.REPORT_WHERE (REPORT_WHERE_KEY, WHERE_SQL, ENTERED_BY, ENTRY_DATE,CHANGED_BY,CHANGED_DATE,SYSTEM_SUPPLIED_DATA) VALUES ('NBNSYS0000000068','TD.Taxon_Designation_Type_Key=''NHMSYS0020443094'' AND TD.source_key=''JNCCDEV600000001''','NBNSYS0000000011',GetDate(),NULL,NULL,-1)
INSERT INTO dbo.REPORT_WHERE (REPORT_WHERE_KEY, WHERE_SQL, ENTERED_BY, ENTRY_DATE,CHANGED_BY,CHANGED_DATE,SYSTEM_SUPPLIED_DATA) VALUES ('NBNSYS0000000069','TD.Taxon_Designation_Type_Key=''NHMSYS0020443076'' AND TD.source_key=''JNCCDEV600000001''','NBNSYS0000000011',GetDate(),NULL,NULL,-1)
INSERT INTO dbo.REPORT_WHERE (REPORT_WHERE_KEY, WHERE_SQL, ENTERED_BY, ENTRY_DATE,CHANGED_BY,CHANGED_DATE,SYSTEM_SUPPLIED_DATA) VALUES ('NBNSYS0000000070','TD.Taxon_Designation_Type_Key=''NHMSYS0020443092'' AND TD.source_key=''JNCCDEV600000001''','NBNSYS0000000011',GetDate(),NULL,NULL,-1)
INSERT INTO dbo.REPORT_WHERE (REPORT_WHERE_KEY, WHERE_SQL, ENTERED_BY, ENTRY_DATE,CHANGED_BY,CHANGED_DATE,SYSTEM_SUPPLIED_DATA) VALUES ('NBNSYS0000000071','TD.Taxon_Designation_Type_Key=''NHMSYS0020443079'' AND TD.source_key=''JNCCDEV600000001''','NBNSYS0000000011',GetDate(),NULL,NULL,-1)
INSERT INTO dbo.REPORT_WHERE (REPORT_WHERE_KEY, WHERE_SQL, ENTERED_BY, ENTRY_DATE,CHANGED_BY,CHANGED_DATE,SYSTEM_SUPPLIED_DATA) VALUES ('NBNSYS0000000072','TD.Taxon_Designation_Type_Key=''NHMSYS0020443080'' AND TD.source_key=''JNCCDEV600000001''','NBNSYS0000000011',GetDate(),NULL,NULL,-1)
INSERT INTO dbo.REPORT_WHERE (REPORT_WHERE_KEY, WHERE_SQL, ENTERED_BY, ENTRY_DATE,CHANGED_BY,CHANGED_DATE,SYSTEM_SUPPLIED_DATA) VALUES ('NBNSYS0000000073','TD.Taxon_Designation_Type_Key=''NHMSYS0020443082'' AND TD.source_key=''JNCCDEV600000001''','NBNSYS0000000011',GetDate(),NULL,NULL,-1)
INSERT INTO dbo.REPORT_WHERE (REPORT_WHERE_KEY, WHERE_SQL, ENTERED_BY, ENTRY_DATE,CHANGED_BY,CHANGED_DATE,SYSTEM_SUPPLIED_DATA) VALUES ('NBNSYS0000000074','TD.Taxon_Designation_Type_Key=''NHMSYS0020443084'' AND TD.source_key=''JNCCDEV600000001''','NBNSYS0000000011',GetDate(),NULL,NULL,-1)

INSERT INTO dbo.REPORT_WHERE (REPORT_WHERE_KEY, WHERE_SQL, ENTERED_BY, ENTRY_DATE,CHANGED_BY,CHANGED_DATE,SYSTEM_SUPPLIED_DATA) VALUES ('NBNSYS0000000075','TD.Taxon_Designation_Type_Key=''NBNSYS0100000017'' AND TD.source_key=''JNCCDEV600000001''','NBNSYS0000000011',GetDate(),NULL,NULL,-1)
INSERT INTO dbo.REPORT_WHERE (REPORT_WHERE_KEY, WHERE_SQL, ENTERED_BY, ENTRY_DATE,CHANGED_BY,CHANGED_DATE,SYSTEM_SUPPLIED_DATA) VALUES ('NBNSYS0000000076','TD.Taxon_Designation_Type_Key=''NBNSYS0100000018'' AND TD.source_key=''JNCCDEV600000001''','NBNSYS0000000011',GetDate(),NULL,NULL,-1)
INSERT INTO dbo.REPORT_WHERE (REPORT_WHERE_KEY, WHERE_SQL, ENTERED_BY, ENTRY_DATE,CHANGED_BY,CHANGED_DATE,SYSTEM_SUPPLIED_DATA) VALUES ('NBNSYS0000000077','TD.Taxon_Designation_Type_Key=''NBNSYS0100000012'' AND TD.source_key=''JNCCDEV600000001''','NBNSYS0000000011',GetDate(),NULL,NULL,-1)
INSERT INTO dbo.REPORT_WHERE (REPORT_WHERE_KEY, WHERE_SQL, ENTERED_BY, ENTRY_DATE,CHANGED_BY,CHANGED_DATE,SYSTEM_SUPPLIED_DATA) VALUES ('NBNSYS0000000078','TD.Taxon_Designation_Type_Key=''NBNSYS0100000013'' AND TD.source_key=''JNCCDEV600000001''','NBNSYS0000000011',GetDate(),NULL,NULL,-1)
INSERT INTO dbo.REPORT_WHERE (REPORT_WHERE_KEY, WHERE_SQL, ENTERED_BY, ENTRY_DATE,CHANGED_BY,CHANGED_DATE,SYSTEM_SUPPLIED_DATA) VALUES ('NBNSYS0000000079','TD.Taxon_Designation_Type_Key=''NBNSYS0100000014'' AND TD.source_key=''JNCCDEV600000001''','NBNSYS0000000011',GetDate(),NULL,NULL,-1)
INSERT INTO dbo.REPORT_WHERE (REPORT_WHERE_KEY, WHERE_SQL, ENTERED_BY, ENTRY_DATE,CHANGED_BY,CHANGED_DATE,SYSTEM_SUPPLIED_DATA) VALUES ('NBNSYS0000000080','TD.Taxon_Designation_Type_Key=''NBNSYS0100000015'' AND TD.source_key=''JNCCDEV600000001''','NBNSYS0000000011',GetDate(),NULL,NULL,-1)


--REPORT ATTRBIUTE TABLE
INSERT INTO dbo.REPORT_attribute (REPORT_ATTRIBUTE_KEY,ITEM_GROUP,SOURCE_TABLE,ITEM_NAME,ATTRIBUTE_SQL,REPORT_JOIN_KEY,REPORT_WHERE_KEY,ENTERED_BY,ENTRY_DATE,CHANGED_BY,CHANGED_DATE,SYSTEM_SUPPLIED_DATA) VALUES ('NBNSYS0000000100','Taxon\Statuses','TAXON','Protection of Badgers Act 1992','#REPORT_OUTPUT.[Protection of Badgers Act 1992]=''Yes','NBNSYS000000003A','NBNSYS0000000033','NBNSYS0000000011',GetDate(),NULL,NULL,-1)
INSERT INTO dbo.REPORT_attribute (REPORT_ATTRIBUTE_KEY,ITEM_GROUP,SOURCE_TABLE,ITEM_NAME,ATTRIBUTE_SQL,REPORT_JOIN_KEY,REPORT_WHERE_KEY,ENTERED_BY,ENTRY_DATE,CHANGED_BY,CHANGED_DATE,SYSTEM_SUPPLIED_DATA) VALUES ('NBNSYS0000000101','Taxon\Statuses','TAXON','FEP Guidance 001','#REPORT_OUTPUT.[FEP Guidance 001]=''Yes','NBNSYS000000003A','NBNSYS0000000034','NBNSYS0000000011',GetDate(),NULL,NULL,-1)
INSERT INTO dbo.REPORT_attribute (REPORT_ATTRIBUTE_KEY,ITEM_GROUP,SOURCE_TABLE,ITEM_NAME,ATTRIBUTE_SQL,REPORT_JOIN_KEY,REPORT_WHERE_KEY,ENTERED_BY,ENTRY_DATE,CHANGED_BY,CHANGED_DATE,SYSTEM_SUPPLIED_DATA) VALUES ('NBNSYS0000000102','Taxon\Statuses','TAXON','FEP Guidance 007: Table 2','#REPORT_OUTPUT.[FEP Guidance 007: Table 2]=''Yes','NBNSYS000000003A','NBNSYS0000000035','NBNSYS0000000011',GetDate(),NULL,NULL,-1)
INSERT INTO dbo.REPORT_attribute (REPORT_ATTRIBUTE_KEY,ITEM_GROUP,SOURCE_TABLE,ITEM_NAME,ATTRIBUTE_SQL,REPORT_JOIN_KEY,REPORT_WHERE_KEY,ENTERED_BY,ENTRY_DATE,CHANGED_BY,CHANGED_DATE,SYSTEM_SUPPLIED_DATA) VALUES ('NBNSYS0000000103','Taxon\Statuses','TAXON','FEP Guidance 007: Table 3','#REPORT_OUTPUT.[FEP Guidance 007: Table 3]=''Yes','NBNSYS000000003A','NBNSYS0000000036','NBNSYS0000000011',GetDate(),NULL,NULL,-1)
INSERT INTO dbo.REPORT_attribute (REPORT_ATTRIBUTE_KEY,ITEM_GROUP,SOURCE_TABLE,ITEM_NAME,ATTRIBUTE_SQL,REPORT_JOIN_KEY,REPORT_WHERE_KEY,ENTERED_BY,ENTRY_DATE,CHANGED_BY,CHANGED_DATE,SYSTEM_SUPPLIED_DATA) VALUES ('NBNSYS0000000104','Taxon\Statuses','TAXON','Bird:Red','#REPORT_OUTPUT.[Bird:Red]=''Yes','NBNSYS000000003A','NBNSYS0000000037','NBNSYS0000000011',GetDate(),NULL,NULL,-1)
INSERT INTO dbo.REPORT_attribute (REPORT_ATTRIBUTE_KEY,ITEM_GROUP,SOURCE_TABLE,ITEM_NAME,ATTRIBUTE_SQL,REPORT_JOIN_KEY,REPORT_WHERE_KEY,ENTERED_BY,ENTRY_DATE,CHANGED_BY,CHANGED_DATE,SYSTEM_SUPPLIED_DATA) VALUES ('NBNSYS0000000105','Taxon\Statuses','TAXON','Bird:Amber','#REPORT_OUTPUT.[Bird:Amber]=''Yes','NBNSYS000000003A','NBNSYS0000000038','NBNSYS0000000011',GetDate(),NULL,NULL,-1)
INSERT INTO dbo.REPORT_attribute (REPORT_ATTRIBUTE_KEY,ITEM_GROUP,SOURCE_TABLE,ITEM_NAME,ATTRIBUTE_SQL,REPORT_JOIN_KEY,REPORT_WHERE_KEY,ENTERED_BY,ENTRY_DATE,CHANGED_BY,CHANGED_DATE,SYSTEM_SUPPLIED_DATA) VALUES ('NBNSYS00000000AC','Taxon\Statuses','TAXON','Conservation Regulations (1994) Sch2','#REPORT_OUTPUT.[Conservation Regulations (1994) Sch2]=''Yes','NBNSYS000000003A','NBNSYS0000000025','NBNSYS0000000011',GetDate(),NULL,NULL,-1)
INSERT INTO dbo.REPORT_attribute (REPORT_ATTRIBUTE_KEY,ITEM_GROUP,SOURCE_TABLE,ITEM_NAME,ATTRIBUTE_SQL,REPORT_JOIN_KEY,REPORT_WHERE_KEY,ENTERED_BY,ENTRY_DATE,CHANGED_BY,CHANGED_DATE,SYSTEM_SUPPLIED_DATA) VALUES ('NBNSYS00000000AD','Taxon\Statuses','TAXON','Conservation Regulations (1994) Sch3','#REPORT_OUTPUT.[Conservation Regulations (1994) Sch3]=''Yes','NBNSYS000000003A','NBNSYS0000000026','NBNSYS0000000011',GetDate(),NULL,NULL,-1)
INSERT INTO dbo.REPORT_attribute (REPORT_ATTRIBUTE_KEY,ITEM_GROUP,SOURCE_TABLE,ITEM_NAME,ATTRIBUTE_SQL,REPORT_JOIN_KEY,REPORT_WHERE_KEY,ENTERED_BY,ENTRY_DATE,CHANGED_BY,CHANGED_DATE,SYSTEM_SUPPLIED_DATA) VALUES ('NBNSYS00000000AE','Taxon\Statuses','TAXON','Conservation Regulations (1994) Sch4','#REPORT_OUTPUT.[Conservation Regulations (1994) Sch4]=''Yes','NBNSYS000000003A','NBNSYS0000000027','NBNSYS0000000011',GetDate(),NULL,NULL,-1)

--redlist
INSERT INTO dbo.REPORT_attribute (REPORT_ATTRIBUTE_KEY,ITEM_GROUP,SOURCE_TABLE,ITEM_NAME,ATTRIBUTE_SQL,REPORT_JOIN_KEY,REPORT_WHERE_KEY,ENTERED_BY,ENTRY_DATE,CHANGED_BY,CHANGED_DATE,SYSTEM_SUPPLIED_DATA) VALUES ('NBNSYS0000000106','Taxon\Statuses','TAXON','RedList_GB_post2003:RE','#REPORT_OUTPUT.[RedList_GB_post2003:RE]=''Yes','NBNSYS000000003A','NBNSYS0000000039','NBNSYS0000000011',GetDate(),NULL,NULL,-1)
INSERT INTO dbo.REPORT_attribute (REPORT_ATTRIBUTE_KEY,ITEM_GROUP,SOURCE_TABLE,ITEM_NAME,ATTRIBUTE_SQL,REPORT_JOIN_KEY,REPORT_WHERE_KEY,ENTERED_BY,ENTRY_DATE,CHANGED_BY,CHANGED_DATE,SYSTEM_SUPPLIED_DATA) VALUES ('NBNSYS0000000107','Taxon\Statuses','TAXON','RedList_GB_post2001:EX','#REPORT_OUTPUT.[RedList_GB_post2001:EX]=''Yes','NBNSYS000000003A','NBNSYS0000000040','NBNSYS0000000011',GetDate(),NULL,NULL,-1)
INSERT INTO dbo.REPORT_attribute (REPORT_ATTRIBUTE_KEY,ITEM_GROUP,SOURCE_TABLE,ITEM_NAME,ATTRIBUTE_SQL,REPORT_JOIN_KEY,REPORT_WHERE_KEY,ENTERED_BY,ENTRY_DATE,CHANGED_BY,CHANGED_DATE,SYSTEM_SUPPLIED_DATA) VALUES ('NBNSYS0000000108','Taxon\Statuses','TAXON','RedList_GB_post2001:EW','#REPORT_OUTPUT.[RedList_GB_post2001:EW]=''Yes','NBNSYS000000003A','NBNSYS0000000041','NBNSYS0000000011',GetDate(),NULL,NULL,-1)
INSERT INTO dbo.REPORT_attribute (REPORT_ATTRIBUTE_KEY,ITEM_GROUP,SOURCE_TABLE,ITEM_NAME,ATTRIBUTE_SQL,REPORT_JOIN_KEY,REPORT_WHERE_KEY,ENTERED_BY,ENTRY_DATE,CHANGED_BY,CHANGED_DATE,SYSTEM_SUPPLIED_DATA) VALUES ('NBNSYS0000000109','Taxon\Statuses','TAXON','RedList_GB_post2001:CR','#REPORT_OUTPUT.[RedList_GB_post2001:CR]=''Yes','NBNSYS000000003A','NBNSYS0000000042','NBNSYS0000000011',GetDate(),NULL,NULL,-1)
INSERT INTO dbo.REPORT_attribute (REPORT_ATTRIBUTE_KEY,ITEM_GROUP,SOURCE_TABLE,ITEM_NAME,ATTRIBUTE_SQL,REPORT_JOIN_KEY,REPORT_WHERE_KEY,ENTERED_BY,ENTRY_DATE,CHANGED_BY,CHANGED_DATE,SYSTEM_SUPPLIED_DATA) VALUES ('NBNSYS0000000110','Taxon\Statuses','TAXON','RedList_GB_post2001:EN','#REPORT_OUTPUT.[RedList_GB_post2001:EN]=''Yes','NBNSYS000000003A','NBNSYS0000000043','NBNSYS0000000011',GetDate(),NULL,NULL,-1)
INSERT INTO dbo.REPORT_attribute (REPORT_ATTRIBUTE_KEY,ITEM_GROUP,SOURCE_TABLE,ITEM_NAME,ATTRIBUTE_SQL,REPORT_JOIN_KEY,REPORT_WHERE_KEY,ENTERED_BY,ENTRY_DATE,CHANGED_BY,CHANGED_DATE,SYSTEM_SUPPLIED_DATA) VALUES ('NBNSYS0000000111','Taxon\Statuses','TAXON','RedList_GB_post2001:VU','#REPORT_OUTPUT.[RedList_GB_post2001:VU]=''Yes','NBNSYS000000003A','NBNSYS0000000044','NBNSYS0000000011',GetDate(),NULL,NULL,-1)
INSERT INTO dbo.REPORT_attribute (REPORT_ATTRIBUTE_KEY,ITEM_GROUP,SOURCE_TABLE,ITEM_NAME,ATTRIBUTE_SQL,REPORT_JOIN_KEY,REPORT_WHERE_KEY,ENTERED_BY,ENTRY_DATE,CHANGED_BY,CHANGED_DATE,SYSTEM_SUPPLIED_DATA) VALUES ('NBNSYS0000000112','Taxon\Statuses','TAXON','RedList_GB_post2001:NT','#REPORT_OUTPUT.[RedList_GB_post2001:NT]=''Yes','NBNSYS000000003A','NBNSYS0000000045','NBNSYS0000000011',GetDate(),NULL,NULL,-1)
INSERT INTO dbo.REPORT_attribute (REPORT_ATTRIBUTE_KEY,ITEM_GROUP,SOURCE_TABLE,ITEM_NAME,ATTRIBUTE_SQL,REPORT_JOIN_KEY,REPORT_WHERE_KEY,ENTERED_BY,ENTRY_DATE,CHANGED_BY,CHANGED_DATE,SYSTEM_SUPPLIED_DATA) VALUES ('NBNSYS0000000113','Taxon\Statuses','TAXON','RedList_GB_post2001:DD','#REPORT_OUTPUT.[RedList_GB_post2001:DD]=''Yes','NBNSYS000000003A','NBNSYS0000000046','NBNSYS0000000011',GetDate(),NULL,NULL,-1)
INSERT INTO dbo.REPORT_attribute (REPORT_ATTRIBUTE_KEY,ITEM_GROUP,SOURCE_TABLE,ITEM_NAME,ATTRIBUTE_SQL,REPORT_JOIN_KEY,REPORT_WHERE_KEY,ENTERED_BY,ENTRY_DATE,CHANGED_BY,CHANGED_DATE,SYSTEM_SUPPLIED_DATA) VALUES ('NBNSYS0000000114','Taxon\Statuses','TAXON','RedList_GB_post94:EX','#REPORT_OUTPUT.[RedList_GB_post94:EX]=''Yes','NBNSYS000000003A','NBNSYS0000000047','NBNSYS0000000011',GetDate(),NULL,NULL,-1)
INSERT INTO dbo.REPORT_attribute (REPORT_ATTRIBUTE_KEY,ITEM_GROUP,SOURCE_TABLE,ITEM_NAME,ATTRIBUTE_SQL,REPORT_JOIN_KEY,REPORT_WHERE_KEY,ENTERED_BY,ENTRY_DATE,CHANGED_BY,CHANGED_DATE,SYSTEM_SUPPLIED_DATA) VALUES ('NBNSYS0000000115','Taxon\Statuses','TAXON','RedList_GB_post94:EW','#REPORT_OUTPUT.[RedList_GB_post94:EW]=''Yes','NBNSYS000000003A','NBNSYS0000000048','NBNSYS0000000011',GetDate(),NULL,NULL,-1)
INSERT INTO dbo.REPORT_attribute (REPORT_ATTRIBUTE_KEY,ITEM_GROUP,SOURCE_TABLE,ITEM_NAME,ATTRIBUTE_SQL,REPORT_JOIN_KEY,REPORT_WHERE_KEY,ENTERED_BY,ENTRY_DATE,CHANGED_BY,CHANGED_DATE,SYSTEM_SUPPLIED_DATA) VALUES ('NBNSYS0000000116','Taxon\Statuses','TAXON','RedList_GB_post94:CR','#REPORT_OUTPUT.[RedList_GB_post94:CR]=''Yes','NBNSYS000000003A','NBNSYS0000000049','NBNSYS0000000011',GetDate(),NULL,NULL,-1)
INSERT INTO dbo.REPORT_attribute (REPORT_ATTRIBUTE_KEY,ITEM_GROUP,SOURCE_TABLE,ITEM_NAME,ATTRIBUTE_SQL,REPORT_JOIN_KEY,REPORT_WHERE_KEY,ENTERED_BY,ENTRY_DATE,CHANGED_BY,CHANGED_DATE,SYSTEM_SUPPLIED_DATA) VALUES ('NBNSYS0000000117','Taxon\Statuses','TAXON','RedList_GB_post94:EN','#REPORT_OUTPUT.[RedList_GB_post94:EN]=''Yes','NBNSYS000000003A','NBNSYS0000000050','NBNSYS0000000011',GetDate(),NULL,NULL,-1)
INSERT INTO dbo.REPORT_attribute (REPORT_ATTRIBUTE_KEY,ITEM_GROUP,SOURCE_TABLE,ITEM_NAME,ATTRIBUTE_SQL,REPORT_JOIN_KEY,REPORT_WHERE_KEY,ENTERED_BY,ENTRY_DATE,CHANGED_BY,CHANGED_DATE,SYSTEM_SUPPLIED_DATA) VALUES ('NBNSYS0000000118','Taxon\Statuses','TAXON','RedList_GB_post94:VU','#REPORT_OUTPUT.[RedList_GB_post94:VU]=''Yes','NBNSYS000000003A','NBNSYS0000000051','NBNSYS0000000011',GetDate(),NULL,NULL,-1)
INSERT INTO dbo.REPORT_attribute (REPORT_ATTRIBUTE_KEY,ITEM_GROUP,SOURCE_TABLE,ITEM_NAME,ATTRIBUTE_SQL,REPORT_JOIN_KEY,REPORT_WHERE_KEY,ENTERED_BY,ENTRY_DATE,CHANGED_BY,CHANGED_DATE,SYSTEM_SUPPLIED_DATA) VALUES ('NBNSYS0000000119','Taxon\Statuses','TAXON','RedList_GB_post94:NT','#REPORT_OUTPUT.[RedList_GB_post94:NT]=''Yes','NBNSYS000000003A','NBNSYS0000000052','NBNSYS0000000011',GetDate(),NULL,NULL,-1)
INSERT INTO dbo.REPORT_attribute (REPORT_ATTRIBUTE_KEY,ITEM_GROUP,SOURCE_TABLE,ITEM_NAME,ATTRIBUTE_SQL,REPORT_JOIN_KEY,REPORT_WHERE_KEY,ENTERED_BY,ENTRY_DATE,CHANGED_BY,CHANGED_DATE,SYSTEM_SUPPLIED_DATA) VALUES ('NBNSYS0000000120','Taxon\Statuses','TAXON','RedList_GB_post94:LR(lc)','#REPORT_OUTPUT.[RedList_GB_post94:LR(lc)]=''Yes','NBNSYS000000003A','NBNSYS0000000053','NBNSYS0000000011',GetDate(),NULL,NULL,-1)
INSERT INTO dbo.REPORT_attribute (REPORT_ATTRIBUTE_KEY,ITEM_GROUP,SOURCE_TABLE,ITEM_NAME,ATTRIBUTE_SQL,REPORT_JOIN_KEY,REPORT_WHERE_KEY,ENTERED_BY,ENTRY_DATE,CHANGED_BY,CHANGED_DATE,SYSTEM_SUPPLIED_DATA) VALUES ('NBNSYS0000000121','Taxon\Statuses','TAXON','RedList_GB_post94:LR(ns)','#REPORT_OUTPUT.[RedList_GB_post94:LR(ns)]=''Yes','NBNSYS000000003A','NBNSYS0000000054','NBNSYS0000000011',GetDate(),NULL,NULL,-1)
INSERT INTO dbo.REPORT_attribute (REPORT_ATTRIBUTE_KEY,ITEM_GROUP,SOURCE_TABLE,ITEM_NAME,ATTRIBUTE_SQL,REPORT_JOIN_KEY,REPORT_WHERE_KEY,ENTERED_BY,ENTRY_DATE,CHANGED_BY,CHANGED_DATE,SYSTEM_SUPPLIED_DATA) VALUES ('NBNSYS0000000122','Taxon\Statuses','TAXON','RedList_GB_post94:DD','#REPORT_OUTPUT.[RedList_GB_post94:DD]=''Yes','NBNSYS000000003A','NBNSYS0000000055','NBNSYS0000000011',GetDate(),NULL,NULL,-1)
INSERT INTO dbo.REPORT_attribute (REPORT_ATTRIBUTE_KEY,ITEM_GROUP,SOURCE_TABLE,ITEM_NAME,ATTRIBUTE_SQL,REPORT_JOIN_KEY,REPORT_WHERE_KEY,ENTERED_BY,ENTRY_DATE,CHANGED_BY,CHANGED_DATE,SYSTEM_SUPPLIED_DATA) VALUES ('NBNSYS0000000123','Taxon\Statuses','TAXON','RedList_GB_pre94:EX','#REPORT_OUTPUT.[RedList_GB_pre94:EX]=''Yes','NBNSYS000000003A','NBNSYS0000000056','NBNSYS0000000011',GetDate(),NULL,NULL,-1)
INSERT INTO dbo.REPORT_attribute (REPORT_ATTRIBUTE_KEY,ITEM_GROUP,SOURCE_TABLE,ITEM_NAME,ATTRIBUTE_SQL,REPORT_JOIN_KEY,REPORT_WHERE_KEY,ENTERED_BY,ENTRY_DATE,CHANGED_BY,CHANGED_DATE,SYSTEM_SUPPLIED_DATA) VALUES ('NBNSYS0000000124','Taxon\Statuses','TAXON','RedList_GB_Pre94:EN','#REPORT_OUTPUT.[RedList_GB_Pre94:EN]=''Yes','NBNSYS000000003A','NBNSYS0000000057','NBNSYS0000000011',GetDate(),NULL,NULL,-1)
INSERT INTO dbo.REPORT_attribute (REPORT_ATTRIBUTE_KEY,ITEM_GROUP,SOURCE_TABLE,ITEM_NAME,ATTRIBUTE_SQL,REPORT_JOIN_KEY,REPORT_WHERE_KEY,ENTERED_BY,ENTRY_DATE,CHANGED_BY,CHANGED_DATE,SYSTEM_SUPPLIED_DATA) VALUES ('NBNSYS0000000125','Taxon\Statuses','TAXON','RedList_GB_pre94:VU','#REPORT_OUTPUT.[RedList_GB_pre94:VU]=''Yes','NBNSYS000000003A','NBNSYS0000000058','NBNSYS0000000011',GetDate(),NULL,NULL,-1)
INSERT INTO dbo.REPORT_attribute (REPORT_ATTRIBUTE_KEY,ITEM_GROUP,SOURCE_TABLE,ITEM_NAME,ATTRIBUTE_SQL,REPORT_JOIN_KEY,REPORT_WHERE_KEY,ENTERED_BY,ENTRY_DATE,CHANGED_BY,CHANGED_DATE,SYSTEM_SUPPLIED_DATA) VALUES ('NBNSYS0000000126','Taxon\Statuses','TAXON','RedList_GB_pre94:NR','#REPORT_OUTPUT.[RedList_GB_pre94:NR]=''Yes','NBNSYS000000003A','NBNSYS0000000059','NBNSYS0000000011',GetDate(),NULL,NULL,-1)
INSERT INTO dbo.REPORT_attribute (REPORT_ATTRIBUTE_KEY,ITEM_GROUP,SOURCE_TABLE,ITEM_NAME,ATTRIBUTE_SQL,REPORT_JOIN_KEY,REPORT_WHERE_KEY,ENTERED_BY,ENTRY_DATE,CHANGED_BY,CHANGED_DATE,SYSTEM_SUPPLIED_DATA) VALUES ('NBNSYS0000000127','Taxon\Statuses','TAXON','RedList_GB_pre94:Thre','#REPORT_OUTPUT.[RedList_GB_pre94:Thre]=''Yes','NBNSYS000000003A','NBNSYS0000000060','NBNSYS0000000011',GetDate(),NULL,NULL,-1)
INSERT INTO dbo.REPORT_attribute (REPORT_ATTRIBUTE_KEY,ITEM_GROUP,SOURCE_TABLE,ITEM_NAME,ATTRIBUTE_SQL,REPORT_JOIN_KEY,REPORT_WHERE_KEY,ENTERED_BY,ENTRY_DATE,CHANGED_BY,CHANGED_DATE,SYSTEM_SUPPLIED_DATA) VALUES ('NBNSYS0000000128','Taxon\Statuses','TAXON','RedList_GB_pre94:Inde','#REPORT_OUTPUT.[RedList_GB_pre94:Inde]=''Yes','NBNSYS000000003A','NBNSYS0000000061','NBNSYS0000000011',GetDate(),NULL,NULL,-1)
INSERT INTO dbo.REPORT_attribute (REPORT_ATTRIBUTE_KEY,ITEM_GROUP,SOURCE_TABLE,ITEM_NAME,ATTRIBUTE_SQL,REPORT_JOIN_KEY,REPORT_WHERE_KEY,ENTERED_BY,ENTRY_DATE,CHANGED_BY,CHANGED_DATE,SYSTEM_SUPPLIED_DATA) VALUES ('NBNSYS0000000129','Taxon\Statuses','TAXON','RedList_GB_pre94:Insu','#REPORT_OUTPUT.[RedList_GB_pre94:Insu]=''Yes','NBNSYS000000003A','NBNSYS0000000062','NBNSYS0000000011',GetDate(),NULL,NULL,-1)
INSERT INTO dbo.REPORT_attribute (REPORT_ATTRIBUTE_KEY,ITEM_GROUP,SOURCE_TABLE,ITEM_NAME,ATTRIBUTE_SQL,REPORT_JOIN_KEY,REPORT_WHERE_KEY,ENTERED_BY,ENTRY_DATE,CHANGED_BY,CHANGED_DATE,SYSTEM_SUPPLIED_DATA) VALUES ('NBNSYS0000000130','Taxon\Statuses','TAXON','RedList_Global_post2001:CR','#REPORT_OUTPUT.[RedList_Global_post2001:CR]=''Yes','NBNSYS000000003A','NBNSYS0000000063','NBNSYS0000000011',GetDate(),NULL,NULL,-1)
INSERT INTO dbo.REPORT_attribute (REPORT_ATTRIBUTE_KEY,ITEM_GROUP,SOURCE_TABLE,ITEM_NAME,ATTRIBUTE_SQL,REPORT_JOIN_KEY,REPORT_WHERE_KEY,ENTERED_BY,ENTRY_DATE,CHANGED_BY,CHANGED_DATE,SYSTEM_SUPPLIED_DATA) VALUES ('NBNSYS0000000131','Taxon\Statuses','TAXON','RedList_Global_post2001:EN','#REPORT_OUTPUT.[RedList_Global_post2001:EN]=''Yes','NBNSYS000000003A','NBNSYS0000000064','NBNSYS0000000011',GetDate(),NULL,NULL,-1)
INSERT INTO dbo.REPORT_attribute (REPORT_ATTRIBUTE_KEY,ITEM_GROUP,SOURCE_TABLE,ITEM_NAME,ATTRIBUTE_SQL,REPORT_JOIN_KEY,REPORT_WHERE_KEY,ENTERED_BY,ENTRY_DATE,CHANGED_BY,CHANGED_DATE,SYSTEM_SUPPLIED_DATA) VALUES ('NBNSYS0000000132','Taxon\Statuses','TAXON','RedList_Global_post2001:VU','#REPORT_OUTPUT.[RedList_Global_post2001:VU]=''Yes','NBNSYS000000003A','NBNSYS0000000065','NBNSYS0000000011',GetDate(),NULL,NULL,-1)
INSERT INTO dbo.REPORT_attribute (REPORT_ATTRIBUTE_KEY,ITEM_GROUP,SOURCE_TABLE,ITEM_NAME,ATTRIBUTE_SQL,REPORT_JOIN_KEY,REPORT_WHERE_KEY,ENTERED_BY,ENTRY_DATE,CHANGED_BY,CHANGED_DATE,SYSTEM_SUPPLIED_DATA) VALUES ('NBNSYS0000000133','Taxon\Statuses','TAXON','RedList_Global_post94:CR','#REPORT_OUTPUT.[RedList_Global_post94:CR]=''Yes','NBNSYS000000003A','NBNSYS0000000066','NBNSYS0000000011',GetDate(),NULL,NULL,-1)
INSERT INTO dbo.REPORT_attribute (REPORT_ATTRIBUTE_KEY,ITEM_GROUP,SOURCE_TABLE,ITEM_NAME,ATTRIBUTE_SQL,REPORT_JOIN_KEY,REPORT_WHERE_KEY,ENTERED_BY,ENTRY_DATE,CHANGED_BY,CHANGED_DATE,SYSTEM_SUPPLIED_DATA) VALUES ('NBNSYS0000000134','Taxon\Statuses','TAXON','RedList_Global_post94:EN','#REPORT_OUTPUT.[RedList_Global_post94:EN]=''Yes','NBNSYS000000003A','NBNSYS0000000067','NBNSYS0000000011',GetDate(),NULL,NULL,-1)
INSERT INTO dbo.REPORT_attribute (REPORT_ATTRIBUTE_KEY,ITEM_GROUP,SOURCE_TABLE,ITEM_NAME,ATTRIBUTE_SQL,REPORT_JOIN_KEY,REPORT_WHERE_KEY,ENTERED_BY,ENTRY_DATE,CHANGED_BY,CHANGED_DATE,SYSTEM_SUPPLIED_DATA) VALUES ('NBNSYS0000000135','Taxon\Statuses','TAXON','RedList_Global_post94:VU','#REPORT_OUTPUT.[RedList_Global_post94:VU]=''Yes','NBNSYS000000003A','NBNSYS0000000068','NBNSYS0000000011',GetDate(),NULL,NULL,-1)
INSERT INTO dbo.REPORT_attribute (REPORT_ATTRIBUTE_KEY,ITEM_GROUP,SOURCE_TABLE,ITEM_NAME,ATTRIBUTE_SQL,REPORT_JOIN_KEY,REPORT_WHERE_KEY,ENTERED_BY,ENTRY_DATE,CHANGED_BY,CHANGED_DATE,SYSTEM_SUPPLIED_DATA) VALUES ('NBNSYS0000000136','Taxon\Statuses','TAXON','RedList_Global_post94:NT','#REPORT_OUTPUT.[RedList_Global_post94:NT]=''Yes','NBNSYS000000003A','NBNSYS0000000069','NBNSYS0000000011',GetDate(),NULL,NULL,-1)
INSERT INTO dbo.REPORT_attribute (REPORT_ATTRIBUTE_KEY,ITEM_GROUP,SOURCE_TABLE,ITEM_NAME,ATTRIBUTE_SQL,REPORT_JOIN_KEY,REPORT_WHERE_KEY,ENTERED_BY,ENTRY_DATE,CHANGED_BY,CHANGED_DATE,SYSTEM_SUPPLIED_DATA) VALUES ('NBNSYS0000000137','Taxon\Statuses','TAXON','RedList_Global_post94:LR(cd)','#REPORT_OUTPUT.[RedList_Global_post94:LR(cd)]=''Yes','NBNSYS000000003A','NBNSYS0000000070','NBNSYS0000000011',GetDate(),NULL,NULL,-1)
INSERT INTO dbo.REPORT_attribute (REPORT_ATTRIBUTE_KEY,ITEM_GROUP,SOURCE_TABLE,ITEM_NAME,ATTRIBUTE_SQL,REPORT_JOIN_KEY,REPORT_WHERE_KEY,ENTERED_BY,ENTRY_DATE,CHANGED_BY,CHANGED_DATE,SYSTEM_SUPPLIED_DATA) VALUES ('NBNSYS0000000138','Taxon\Statuses','TAXON','RedList_Global_pre94:EX','#REPORT_OUTPUT.[RedList_Global_pre94:EX]=''Yes','NBNSYS000000003A','NBNSYS0000000071','NBNSYS0000000011',GetDate(),NULL,NULL,-1)
INSERT INTO dbo.REPORT_attribute (REPORT_ATTRIBUTE_KEY,ITEM_GROUP,SOURCE_TABLE,ITEM_NAME,ATTRIBUTE_SQL,REPORT_JOIN_KEY,REPORT_WHERE_KEY,ENTERED_BY,ENTRY_DATE,CHANGED_BY,CHANGED_DATE,SYSTEM_SUPPLIED_DATA) VALUES ('NBNSYS0000000139','Taxon\Statuses','TAXON','RedList_Global_pre94:EN','#REPORT_OUTPUT.[RedList_Global_pre94:EN]=''Yes','NBNSYS000000003A','NBNSYS0000000072','NBNSYS0000000011',GetDate(),NULL,NULL,-1)
INSERT INTO dbo.REPORT_attribute (REPORT_ATTRIBUTE_KEY,ITEM_GROUP,SOURCE_TABLE,ITEM_NAME,ATTRIBUTE_SQL,REPORT_JOIN_KEY,REPORT_WHERE_KEY,ENTERED_BY,ENTRY_DATE,CHANGED_BY,CHANGED_DATE,SYSTEM_SUPPLIED_DATA) VALUES ('NBNSYS0000000140','Taxon\Statuses','TAXON','RedList_Global_pre94:VU','#REPORT_OUTPUT.[RedList_Global_pre94:VU]=''Yes','NBNSYS000000003A','NBNSYS0000000073','NBNSYS0000000011',GetDate(),NULL,NULL,-1)
INSERT INTO dbo.REPORT_attribute (REPORT_ATTRIBUTE_KEY,ITEM_GROUP,SOURCE_TABLE,ITEM_NAME,ATTRIBUTE_SQL,REPORT_JOIN_KEY,REPORT_WHERE_KEY,ENTERED_BY,ENTRY_DATE,CHANGED_BY,CHANGED_DATE,SYSTEM_SUPPLIED_DATA) VALUES ('NBNSYS0000000141','Taxon\Statuses','TAXON','RedList_Global_pre94:NR','#REPORT_OUTPUT.[RedList_Global_pre94:NR]=''Yes','NBNSYS000000003A','NBNSYS0000000074','NBNSYS0000000011',GetDate(),NULL,NULL,-1)

INSERT INTO dbo.REPORT_attribute (REPORT_ATTRIBUTE_KEY,ITEM_GROUP,SOURCE_TABLE,ITEM_NAME,ATTRIBUTE_SQL,REPORT_JOIN_KEY,REPORT_WHERE_KEY,ENTERED_BY,ENTRY_DATE,CHANGED_BY,CHANGED_DATE,SYSTEM_SUPPLIED_DATA) VALUES ('NBNSYS000000008T','Taxon\Statuses','TAXON','WACA:Sch5Sect9.4c','#REPORT_OUTPUT.[WACA:Sch5Sect9.4c]=''Yes','NBNSYS000000003A','NBNSYS0000000075','NBNSYS0000000011',GetDate(),NULL,NULL,-1)
INSERT INTO dbo.REPORT_attribute (REPORT_ATTRIBUTE_KEY,ITEM_GROUP,SOURCE_TABLE,ITEM_NAME,ATTRIBUTE_SQL,REPORT_JOIN_KEY,REPORT_WHERE_KEY,ENTERED_BY,ENTRY_DATE,CHANGED_BY,CHANGED_DATE,SYSTEM_SUPPLIED_DATA) VALUES ('NBNSYS000000008U','Taxon\Statuses','TAXON','WACA:Sch5Sect9.4A*','#REPORT_OUTPUT.[WACA:Sch5Sect9.4A*]=''Yes','NBNSYS000000003A','NBNSYS0000000076','NBNSYS0000000011',GetDate(),NULL,NULL,-1)
INSERT INTO dbo.REPORT_attribute (REPORT_ATTRIBUTE_KEY,ITEM_GROUP,SOURCE_TABLE,ITEM_NAME,ATTRIBUTE_SQL,REPORT_JOIN_KEY,REPORT_WHERE_KEY,ENTERED_BY,ENTRY_DATE,CHANGED_BY,CHANGED_DATE,SYSTEM_SUPPLIED_DATA) VALUES ('NBNSYS0000000142','Taxon\Statuses','TAXON','Status:NR','#REPORT_OUTPUT.[Status:NR]=''Yes','NBNSYS000000003A','NBNSYS0000000077','NBNSYS0000000011',GetDate(),NULL,NULL,-1)
INSERT INTO dbo.REPORT_attribute (REPORT_ATTRIBUTE_KEY,ITEM_GROUP,SOURCE_TABLE,ITEM_NAME,ATTRIBUTE_SQL,REPORT_JOIN_KEY,REPORT_WHERE_KEY,ENTERED_BY,ENTRY_DATE,CHANGED_BY,CHANGED_DATE,SYSTEM_SUPPLIED_DATA) VALUES ('NBNSYS0000000143','Taxon\Statuses','TAXON','England NERC S.41','#REPORT_OUTPUT.[England NERC S.41]=''Yes','NBNSYS000000003A','NBNSYS0000000078','NBNSYS0000000011',GetDate(),NULL,NULL,-1)
INSERT INTO dbo.REPORT_attribute (REPORT_ATTRIBUTE_KEY,ITEM_GROUP,SOURCE_TABLE,ITEM_NAME,ATTRIBUTE_SQL,REPORT_JOIN_KEY,REPORT_WHERE_KEY,ENTERED_BY,ENTRY_DATE,CHANGED_BY,CHANGED_DATE,SYSTEM_SUPPLIED_DATA) VALUES ('NBNSYS0000000144','Taxon\Statuses','TAXON','Wales NERC S.42','#REPORT_OUTPUT.[Wales NERC S.42]=''Yes','NBNSYS000000003A','NBNSYS0000000079','NBNSYS0000000011',GetDate(),NULL,NULL,-1)
INSERT INTO dbo.REPORT_attribute (REPORT_ATTRIBUTE_KEY,ITEM_GROUP,SOURCE_TABLE,ITEM_NAME,ATTRIBUTE_SQL,REPORT_JOIN_KEY,REPORT_WHERE_KEY,ENTERED_BY,ENTRY_DATE,CHANGED_BY,CHANGED_DATE,SYSTEM_SUPPLIED_DATA) VALUES ('NBNSYS0000000145','Taxon\Statuses','TAXON','Scottish Biodiversity List','#REPORT_OUTPUT.[Scottish Biodiversity List]=''Yes','NBNSYS000000003A','NBNSYS0000000080','NBNSYS0000000011',GetDate(),NULL,NULL,-1)

--REPORT_FIELD TABLE 
INSERT INTO dbo.REPORT_field (REPORT_FIELD_KEY,REPORT_ATTRIBUTE_KEY,FIELD_ITEM_NAME,FIELD_TYPE,FIELD_SIZE,ENTERED_BY,ENTRY_DATE,CHANGED_BY,CHANGED_DATE,SYSTEM_SUPPLIED_DATA) VALUES ('NBNSYS00000000CF','NBNSYS0000000100','Protection of Badgers Act 1992','text','3','NBNSYS0000000011',GetDate(),NULL,NULL,-1)
INSERT INTO dbo.REPORT_field (REPORT_FIELD_KEY,REPORT_ATTRIBUTE_KEY,FIELD_ITEM_NAME,FIELD_TYPE,FIELD_SIZE,ENTERED_BY,ENTRY_DATE,CHANGED_BY,CHANGED_DATE,SYSTEM_SUPPLIED_DATA) VALUES ('NBNSYS00000000CG','NBNSYS0000000101','FEP Guidance 001','text','3','NBNSYS0000000011',GetDate(),NULL,NULL,-1)
INSERT INTO dbo.REPORT_field (REPORT_FIELD_KEY,REPORT_ATTRIBUTE_KEY,FIELD_ITEM_NAME,FIELD_TYPE,FIELD_SIZE,ENTERED_BY,ENTRY_DATE,CHANGED_BY,CHANGED_DATE,SYSTEM_SUPPLIED_DATA) VALUES ('NBNSYS00000000CH','NBNSYS0000000102','FEP Guidance 007: Table 2','text','3','NBNSYS0000000011',GetDate(),NULL,NULL,-1)
INSERT INTO dbo.REPORT_field (REPORT_FIELD_KEY,REPORT_ATTRIBUTE_KEY,FIELD_ITEM_NAME,FIELD_TYPE,FIELD_SIZE,ENTERED_BY,ENTRY_DATE,CHANGED_BY,CHANGED_DATE,SYSTEM_SUPPLIED_DATA) VALUES ('NBNSYS00000000CI','NBNSYS0000000103','FEP Guidance 007: Table 3','text','3','NBNSYS0000000011',GetDate(),NULL,NULL,-1)
INSERT INTO dbo.REPORT_field (REPORT_FIELD_KEY,REPORT_ATTRIBUTE_KEY,FIELD_ITEM_NAME,FIELD_TYPE,FIELD_SIZE,ENTERED_BY,ENTRY_DATE,CHANGED_BY,CHANGED_DATE,SYSTEM_SUPPLIED_DATA) VALUES ('NBNSYS00000000CJ','NBNSYS0000000104','Bird:Red','text','3','NBNSYS0000000011',GetDate(),NULL,NULL,-1)
INSERT INTO dbo.REPORT_field (REPORT_FIELD_KEY,REPORT_ATTRIBUTE_KEY,FIELD_ITEM_NAME,FIELD_TYPE,FIELD_SIZE,ENTERED_BY,ENTRY_DATE,CHANGED_BY,CHANGED_DATE,SYSTEM_SUPPLIED_DATA) VALUES ('NBNSYS00000000CK','NBNSYS0000000105','Bird:Amber','text','3','NBNSYS0000000011',GetDate(),NULL,NULL,-1)
INSERT INTO dbo.REPORT_field (REPORT_FIELD_KEY,REPORT_ATTRIBUTE_KEY,FIELD_ITEM_NAME,FIELD_TYPE,FIELD_SIZE,ENTERED_BY,ENTRY_DATE,CHANGED_BY,CHANGED_DATE,SYSTEM_SUPPLIED_DATA) VALUES ('NBNSYS00000000BA','NBNSYS00000000AC','Conservation Regulations (1994) Sch2','text','3','NBNSYS0000000011',GetDate(),NULL,NULL,-1)
INSERT INTO dbo.REPORT_field (REPORT_FIELD_KEY,REPORT_ATTRIBUTE_KEY,FIELD_ITEM_NAME,FIELD_TYPE,FIELD_SIZE,ENTERED_BY,ENTRY_DATE,CHANGED_BY,CHANGED_DATE,SYSTEM_SUPPLIED_DATA) VALUES ('NBNSYS00000000BB','NBNSYS00000000AD','Conservation Regulations (1994) Sch3','text','3','NBNSYS0000000011',GetDate(),NULL,NULL,-1)
INSERT INTO dbo.REPORT_field (REPORT_FIELD_KEY,REPORT_ATTRIBUTE_KEY,FIELD_ITEM_NAME,FIELD_TYPE,FIELD_SIZE,ENTERED_BY,ENTRY_DATE,CHANGED_BY,CHANGED_DATE,SYSTEM_SUPPLIED_DATA) VALUES ('NBNSYS00000000BC','NBNSYS00000000AE','Conservation Regulations (1994) Sch4','text','3','NBNSYS0000000011',GetDate(),NULL,NULL,-1)

--redlist
INSERT INTO dbo.REPORT_field (REPORT_FIELD_KEY,REPORT_ATTRIBUTE_KEY,FIELD_ITEM_NAME,FIELD_TYPE,FIELD_SIZE,ENTERED_BY,ENTRY_DATE,CHANGED_BY,CHANGED_DATE,SYSTEM_SUPPLIED_DATA) VALUES ('NBNSYS0000000100','NBNSYS0000000106','RedList_GB_post2003:RE','text','3','NBNSYS0000000011',GetDate(),NULL,NULL,-1)
INSERT INTO dbo.REPORT_field (REPORT_FIELD_KEY,REPORT_ATTRIBUTE_KEY,FIELD_ITEM_NAME,FIELD_TYPE,FIELD_SIZE,ENTERED_BY,ENTRY_DATE,CHANGED_BY,CHANGED_DATE,SYSTEM_SUPPLIED_DATA) VALUES ('NBNSYS0000000101','NBNSYS0000000107','RedList_GB_post2001:EX','text','3','NBNSYS0000000011',GetDate(),NULL,NULL,-1)
INSERT INTO dbo.REPORT_field (REPORT_FIELD_KEY,REPORT_ATTRIBUTE_KEY,FIELD_ITEM_NAME,FIELD_TYPE,FIELD_SIZE,ENTERED_BY,ENTRY_DATE,CHANGED_BY,CHANGED_DATE,SYSTEM_SUPPLIED_DATA) VALUES ('NBNSYS0000000102','NBNSYS0000000108','RedList_GB_post2001:EW','text','3','NBNSYS0000000011',GetDate(),NULL,NULL,-1)
INSERT INTO dbo.REPORT_field (REPORT_FIELD_KEY,REPORT_ATTRIBUTE_KEY,FIELD_ITEM_NAME,FIELD_TYPE,FIELD_SIZE,ENTERED_BY,ENTRY_DATE,CHANGED_BY,CHANGED_DATE,SYSTEM_SUPPLIED_DATA) VALUES ('NBNSYS0000000103','NBNSYS0000000109','RedList_GB_post2001:CR','text','3','NBNSYS0000000011',GetDate(),NULL,NULL,-1)
INSERT INTO dbo.REPORT_field (REPORT_FIELD_KEY,REPORT_ATTRIBUTE_KEY,FIELD_ITEM_NAME,FIELD_TYPE,FIELD_SIZE,ENTERED_BY,ENTRY_DATE,CHANGED_BY,CHANGED_DATE,SYSTEM_SUPPLIED_DATA) VALUES ('NBNSYS0000000104','NBNSYS0000000110','RedList_GB_post2001:EN','text','3','NBNSYS0000000011',GetDate(),NULL,NULL,-1)
INSERT INTO dbo.REPORT_field (REPORT_FIELD_KEY,REPORT_ATTRIBUTE_KEY,FIELD_ITEM_NAME,FIELD_TYPE,FIELD_SIZE,ENTERED_BY,ENTRY_DATE,CHANGED_BY,CHANGED_DATE,SYSTEM_SUPPLIED_DATA) VALUES ('NBNSYS0000000105','NBNSYS0000000111','RedList_GB_post2001:VU','text','3','NBNSYS0000000011',GetDate(),NULL,NULL,-1)
INSERT INTO dbo.REPORT_field (REPORT_FIELD_KEY,REPORT_ATTRIBUTE_KEY,FIELD_ITEM_NAME,FIELD_TYPE,FIELD_SIZE,ENTERED_BY,ENTRY_DATE,CHANGED_BY,CHANGED_DATE,SYSTEM_SUPPLIED_DATA) VALUES ('NBNSYS0000000106','NBNSYS0000000112','RedList_GB_post2001:NT','text','3','NBNSYS0000000011',GetDate(),NULL,NULL,-1)
INSERT INTO dbo.REPORT_field (REPORT_FIELD_KEY,REPORT_ATTRIBUTE_KEY,FIELD_ITEM_NAME,FIELD_TYPE,FIELD_SIZE,ENTERED_BY,ENTRY_DATE,CHANGED_BY,CHANGED_DATE,SYSTEM_SUPPLIED_DATA) VALUES ('NBNSYS0000000107','NBNSYS0000000113','RedList_GB_post2001:DD','text','3','NBNSYS0000000011',GetDate(),NULL,NULL,-1)
INSERT INTO dbo.REPORT_field (REPORT_FIELD_KEY,REPORT_ATTRIBUTE_KEY,FIELD_ITEM_NAME,FIELD_TYPE,FIELD_SIZE,ENTERED_BY,ENTRY_DATE,CHANGED_BY,CHANGED_DATE,SYSTEM_SUPPLIED_DATA) VALUES ('NBNSYS0000000108','NBNSYS0000000114','RedList_GB_post94:EX','text','3','NBNSYS0000000011',GetDate(),NULL,NULL,-1)
INSERT INTO dbo.REPORT_field (REPORT_FIELD_KEY,REPORT_ATTRIBUTE_KEY,FIELD_ITEM_NAME,FIELD_TYPE,FIELD_SIZE,ENTERED_BY,ENTRY_DATE,CHANGED_BY,CHANGED_DATE,SYSTEM_SUPPLIED_DATA) VALUES ('NBNSYS0000000109','NBNSYS0000000115','RedList_GB_post94:EW','text','3','NBNSYS0000000011',GetDate(),NULL,NULL,-1)
INSERT INTO dbo.REPORT_field (REPORT_FIELD_KEY,REPORT_ATTRIBUTE_KEY,FIELD_ITEM_NAME,FIELD_TYPE,FIELD_SIZE,ENTERED_BY,ENTRY_DATE,CHANGED_BY,CHANGED_DATE,SYSTEM_SUPPLIED_DATA) VALUES ('NBNSYS0000000110','NBNSYS0000000116','RedList_GB_post94:CR','text','3','NBNSYS0000000011',GetDate(),NULL,NULL,-1)
INSERT INTO dbo.REPORT_field (REPORT_FIELD_KEY,REPORT_ATTRIBUTE_KEY,FIELD_ITEM_NAME,FIELD_TYPE,FIELD_SIZE,ENTERED_BY,ENTRY_DATE,CHANGED_BY,CHANGED_DATE,SYSTEM_SUPPLIED_DATA) VALUES ('NBNSYS0000000111','NBNSYS0000000117','RedList_GB_post94:EN','text','3','NBNSYS0000000011',GetDate(),NULL,NULL,-1)
INSERT INTO dbo.REPORT_field (REPORT_FIELD_KEY,REPORT_ATTRIBUTE_KEY,FIELD_ITEM_NAME,FIELD_TYPE,FIELD_SIZE,ENTERED_BY,ENTRY_DATE,CHANGED_BY,CHANGED_DATE,SYSTEM_SUPPLIED_DATA) VALUES ('NBNSYS0000000112','NBNSYS0000000118','RedList_GB_post94:VU','text','3','NBNSYS0000000011',GetDate(),NULL,NULL,-1)
INSERT INTO dbo.REPORT_field (REPORT_FIELD_KEY,REPORT_ATTRIBUTE_KEY,FIELD_ITEM_NAME,FIELD_TYPE,FIELD_SIZE,ENTERED_BY,ENTRY_DATE,CHANGED_BY,CHANGED_DATE,SYSTEM_SUPPLIED_DATA) VALUES ('NBNSYS0000000113','NBNSYS0000000119','RedList_GB_post94:NT','text','3','NBNSYS0000000011',GetDate(),NULL,NULL,-1)
INSERT INTO dbo.REPORT_field (REPORT_FIELD_KEY,REPORT_ATTRIBUTE_KEY,FIELD_ITEM_NAME,FIELD_TYPE,FIELD_SIZE,ENTERED_BY,ENTRY_DATE,CHANGED_BY,CHANGED_DATE,SYSTEM_SUPPLIED_DATA) VALUES ('NBNSYS0000000114','NBNSYS0000000120','RedList_GB_post94:LR(lc)','text','3','NBNSYS0000000011',GetDate(),NULL,NULL,-1)
INSERT INTO dbo.REPORT_field (REPORT_FIELD_KEY,REPORT_ATTRIBUTE_KEY,FIELD_ITEM_NAME,FIELD_TYPE,FIELD_SIZE,ENTERED_BY,ENTRY_DATE,CHANGED_BY,CHANGED_DATE,SYSTEM_SUPPLIED_DATA) VALUES ('NBNSYS0000000115','NBNSYS0000000121','RedList_GB_post94:LR(ns','text','3','NBNSYS0000000011',GetDate(),NULL,NULL,-1)
INSERT INTO dbo.REPORT_field (REPORT_FIELD_KEY,REPORT_ATTRIBUTE_KEY,FIELD_ITEM_NAME,FIELD_TYPE,FIELD_SIZE,ENTERED_BY,ENTRY_DATE,CHANGED_BY,CHANGED_DATE,SYSTEM_SUPPLIED_DATA) VALUES ('NBNSYS0000000116','NBNSYS0000000122','RedList_GB_post94:DD','text','3','NBNSYS0000000011',GetDate(),NULL,NULL,-1)
INSERT INTO dbo.REPORT_field (REPORT_FIELD_KEY,REPORT_ATTRIBUTE_KEY,FIELD_ITEM_NAME,FIELD_TYPE,FIELD_SIZE,ENTERED_BY,ENTRY_DATE,CHANGED_BY,CHANGED_DATE,SYSTEM_SUPPLIED_DATA) VALUES ('NBNSYS0000000117','NBNSYS0000000123','RedList_GB_pre94:EX','text','3','NBNSYS0000000011',GetDate(),NULL,NULL,-1)
INSERT INTO dbo.REPORT_field (REPORT_FIELD_KEY,REPORT_ATTRIBUTE_KEY,FIELD_ITEM_NAME,FIELD_TYPE,FIELD_SIZE,ENTERED_BY,ENTRY_DATE,CHANGED_BY,CHANGED_DATE,SYSTEM_SUPPLIED_DATA) VALUES ('NBNSYS0000000118','NBNSYS0000000124','RedList_GB_Pre94:EN','text','3','NBNSYS0000000011',GetDate(),NULL,NULL,-1)
INSERT INTO dbo.REPORT_field (REPORT_FIELD_KEY,REPORT_ATTRIBUTE_KEY,FIELD_ITEM_NAME,FIELD_TYPE,FIELD_SIZE,ENTERED_BY,ENTRY_DATE,CHANGED_BY,CHANGED_DATE,SYSTEM_SUPPLIED_DATA) VALUES ('NBNSYS0000000119','NBNSYS0000000125','RedList_GB_pre94:VU','text','3','NBNSYS0000000011',GetDate(),NULL,NULL,-1)
INSERT INTO dbo.REPORT_field (REPORT_FIELD_KEY,REPORT_ATTRIBUTE_KEY,FIELD_ITEM_NAME,FIELD_TYPE,FIELD_SIZE,ENTERED_BY,ENTRY_DATE,CHANGED_BY,CHANGED_DATE,SYSTEM_SUPPLIED_DATA) VALUES ('NBNSYS0000000120','NBNSYS0000000126','RedList_GB_pre94:NR','text','3','NBNSYS0000000011',GetDate(),NULL,NULL,-1)
INSERT INTO dbo.REPORT_field (REPORT_FIELD_KEY,REPORT_ATTRIBUTE_KEY,FIELD_ITEM_NAME,FIELD_TYPE,FIELD_SIZE,ENTERED_BY,ENTRY_DATE,CHANGED_BY,CHANGED_DATE,SYSTEM_SUPPLIED_DATA) VALUES ('NBNSYS0000000121','NBNSYS0000000127','RedList_GB_pre94:Thre','text','3','NBNSYS0000000011',GetDate(),NULL,NULL,-1)
INSERT INTO dbo.REPORT_field (REPORT_FIELD_KEY,REPORT_ATTRIBUTE_KEY,FIELD_ITEM_NAME,FIELD_TYPE,FIELD_SIZE,ENTERED_BY,ENTRY_DATE,CHANGED_BY,CHANGED_DATE,SYSTEM_SUPPLIED_DATA) VALUES ('NBNSYS0000000122','NBNSYS0000000128','RedList_GB_pre94:Inde','text','3','NBNSYS0000000011',GetDate(),NULL,NULL,-1)
INSERT INTO dbo.REPORT_field (REPORT_FIELD_KEY,REPORT_ATTRIBUTE_KEY,FIELD_ITEM_NAME,FIELD_TYPE,FIELD_SIZE,ENTERED_BY,ENTRY_DATE,CHANGED_BY,CHANGED_DATE,SYSTEM_SUPPLIED_DATA) VALUES ('NBNSYS0000000123','NBNSYS0000000129','RedList_GB_pre94:Insu','text','3','NBNSYS0000000011',GetDate(),NULL,NULL,-1)
INSERT INTO dbo.REPORT_field (REPORT_FIELD_KEY,REPORT_ATTRIBUTE_KEY,FIELD_ITEM_NAME,FIELD_TYPE,FIELD_SIZE,ENTERED_BY,ENTRY_DATE,CHANGED_BY,CHANGED_DATE,SYSTEM_SUPPLIED_DATA) VALUES ('NBNSYS0000000124','NBNSYS0000000130','RedList_Global_post2001:CR','text','3','NBNSYS0000000011',GetDate(),NULL,NULL,-1)
INSERT INTO dbo.REPORT_field (REPORT_FIELD_KEY,REPORT_ATTRIBUTE_KEY,FIELD_ITEM_NAME,FIELD_TYPE,FIELD_SIZE,ENTERED_BY,ENTRY_DATE,CHANGED_BY,CHANGED_DATE,SYSTEM_SUPPLIED_DATA) VALUES ('NBNSYS0000000125','NBNSYS0000000131','RedList_Global_post2001:EN','text','3','NBNSYS0000000011',GetDate(),NULL,NULL,-1)
INSERT INTO dbo.REPORT_field (REPORT_FIELD_KEY,REPORT_ATTRIBUTE_KEY,FIELD_ITEM_NAME,FIELD_TYPE,FIELD_SIZE,ENTERED_BY,ENTRY_DATE,CHANGED_BY,CHANGED_DATE,SYSTEM_SUPPLIED_DATA) VALUES ('NBNSYS0000000126','NBNSYS0000000132','RedList_Global_post2001:VU','text','3','NBNSYS0000000011',GetDate(),NULL,NULL,-1)
INSERT INTO dbo.REPORT_field (REPORT_FIELD_KEY,REPORT_ATTRIBUTE_KEY,FIELD_ITEM_NAME,FIELD_TYPE,FIELD_SIZE,ENTERED_BY,ENTRY_DATE,CHANGED_BY,CHANGED_DATE,SYSTEM_SUPPLIED_DATA) VALUES ('NBNSYS0000000127','NBNSYS0000000133','RedList_Global_post94:CR','text','3','NBNSYS0000000011',GetDate(),NULL,NULL,-1)
INSERT INTO dbo.REPORT_field (REPORT_FIELD_KEY,REPORT_ATTRIBUTE_KEY,FIELD_ITEM_NAME,FIELD_TYPE,FIELD_SIZE,ENTERED_BY,ENTRY_DATE,CHANGED_BY,CHANGED_DATE,SYSTEM_SUPPLIED_DATA) VALUES ('NBNSYS0000000128','NBNSYS0000000134','RedList_Global_post94:EN','text','3','NBNSYS0000000011',GetDate(),NULL,NULL,-1)
INSERT INTO dbo.REPORT_field (REPORT_FIELD_KEY,REPORT_ATTRIBUTE_KEY,FIELD_ITEM_NAME,FIELD_TYPE,FIELD_SIZE,ENTERED_BY,ENTRY_DATE,CHANGED_BY,CHANGED_DATE,SYSTEM_SUPPLIED_DATA) VALUES ('NBNSYS0000000129','NBNSYS0000000135','RedList_Global_post94:VU','text','3','NBNSYS0000000011',GetDate(),NULL,NULL,-1)
INSERT INTO dbo.REPORT_field (REPORT_FIELD_KEY,REPORT_ATTRIBUTE_KEY,FIELD_ITEM_NAME,FIELD_TYPE,FIELD_SIZE,ENTERED_BY,ENTRY_DATE,CHANGED_BY,CHANGED_DATE,SYSTEM_SUPPLIED_DATA) VALUES ('NBNSYS0000000130','NBNSYS0000000136','RedList_Global_post94:NT','text','3','NBNSYS0000000011',GetDate(),NULL,NULL,-1)
INSERT INTO dbo.REPORT_field (REPORT_FIELD_KEY,REPORT_ATTRIBUTE_KEY,FIELD_ITEM_NAME,FIELD_TYPE,FIELD_SIZE,ENTERED_BY,ENTRY_DATE,CHANGED_BY,CHANGED_DATE,SYSTEM_SUPPLIED_DATA) VALUES ('NBNSYS0000000131','NBNSYS0000000137','RedList_Global_post94:LR(cd)','text','3','NBNSYS0000000011',GetDate(),NULL,NULL,-1)
INSERT INTO dbo.REPORT_field (REPORT_FIELD_KEY,REPORT_ATTRIBUTE_KEY,FIELD_ITEM_NAME,FIELD_TYPE,FIELD_SIZE,ENTERED_BY,ENTRY_DATE,CHANGED_BY,CHANGED_DATE,SYSTEM_SUPPLIED_DATA) VALUES ('NBNSYS0000000132','NBNSYS0000000138','RedList_Global_pre94:EX','text','3','NBNSYS0000000011',GetDate(),NULL,NULL,-1)
INSERT INTO dbo.REPORT_field (REPORT_FIELD_KEY,REPORT_ATTRIBUTE_KEY,FIELD_ITEM_NAME,FIELD_TYPE,FIELD_SIZE,ENTERED_BY,ENTRY_DATE,CHANGED_BY,CHANGED_DATE,SYSTEM_SUPPLIED_DATA) VALUES ('NBNSYS0000000133','NBNSYS0000000139','RedList_Global_pre94:EN','text','3','NBNSYS0000000011',GetDate(),NULL,NULL,-1)
INSERT INTO dbo.REPORT_field (REPORT_FIELD_KEY,REPORT_ATTRIBUTE_KEY,FIELD_ITEM_NAME,FIELD_TYPE,FIELD_SIZE,ENTERED_BY,ENTRY_DATE,CHANGED_BY,CHANGED_DATE,SYSTEM_SUPPLIED_DATA) VALUES ('NBNSYS0000000134','NBNSYS0000000140','RedList_Global_pre94:VU','text','3','NBNSYS0000000011',GetDate(),NULL,NULL,-1)
INSERT INTO dbo.REPORT_field (REPORT_FIELD_KEY,REPORT_ATTRIBUTE_KEY,FIELD_ITEM_NAME,FIELD_TYPE,FIELD_SIZE,ENTERED_BY,ENTRY_DATE,CHANGED_BY,CHANGED_DATE,SYSTEM_SUPPLIED_DATA) VALUES ('NBNSYS0000000135','NBNSYS0000000141','RedList_Global_pre94:NR','text','3','NBNSYS0000000011',GetDate(),NULL,NULL,-1)

INSERT INTO dbo.REPORT_field (REPORT_FIELD_KEY,REPORT_ATTRIBUTE_KEY,FIELD_ITEM_NAME,FIELD_TYPE,FIELD_SIZE,ENTERED_BY,ENTRY_DATE,CHANGED_BY,CHANGED_DATE,SYSTEM_SUPPLIED_DATA) VALUES ('NBNSYS0000000136','NBNSYS000000008T','WACA:Sch5Sect9.4c','text','3','NBNSYS0000000011',GetDate(),NULL,NULL,-1)
INSERT INTO dbo.REPORT_field (REPORT_FIELD_KEY,REPORT_ATTRIBUTE_KEY,FIELD_ITEM_NAME,FIELD_TYPE,FIELD_SIZE,ENTERED_BY,ENTRY_DATE,CHANGED_BY,CHANGED_DATE,SYSTEM_SUPPLIED_DATA) VALUES ('NBNSYS0000000137','NBNSYS000000008U','WACA:Sch5Sect9.4A*','text','3','NBNSYS0000000011',GetDate(),NULL,NULL,-1)
INSERT INTO dbo.REPORT_field (REPORT_FIELD_KEY,REPORT_ATTRIBUTE_KEY,FIELD_ITEM_NAME,FIELD_TYPE,FIELD_SIZE,ENTERED_BY,ENTRY_DATE,CHANGED_BY,CHANGED_DATE,SYSTEM_SUPPLIED_DATA) VALUES ('NBNSYS0000000138','NBNSYS0000000142','Status:NR','text','3','NBNSYS0000000011',GetDate(),NULL,NULL,-1)
INSERT INTO dbo.REPORT_field (REPORT_FIELD_KEY,REPORT_ATTRIBUTE_KEY,FIELD_ITEM_NAME,FIELD_TYPE,FIELD_SIZE,ENTERED_BY,ENTRY_DATE,CHANGED_BY,CHANGED_DATE,SYSTEM_SUPPLIED_DATA) VALUES ('NBNSYS0000000139','NBNSYS0000000143','England NERC S.41','text','3','NBNSYS0000000011',GetDate(),NULL,NULL,-1)
INSERT INTO dbo.REPORT_field (REPORT_FIELD_KEY,REPORT_ATTRIBUTE_KEY,FIELD_ITEM_NAME,FIELD_TYPE,FIELD_SIZE,ENTERED_BY,ENTRY_DATE,CHANGED_BY,CHANGED_DATE,SYSTEM_SUPPLIED_DATA) VALUES ('NBNSYS0000000140','NBNSYS0000000144','Wales NERC S.42','text','3','NBNSYS0000000011',GetDate(),NULL,NULL,-1)
INSERT INTO dbo.REPORT_field (REPORT_FIELD_KEY,REPORT_ATTRIBUTE_KEY,FIELD_ITEM_NAME,FIELD_TYPE,FIELD_SIZE,ENTERED_BY,ENTRY_DATE,CHANGED_BY,CHANGED_DATE,SYSTEM_SUPPLIED_DATA) VALUES ('NBNSYS0000000141','NBNSYS0000000145','Scottish Biodiversity List','text','3','NBNSYS0000000011',GetDate(),NULL,NULL,-1)













